Date,Duration,Data_Usage,Call_Type
2025-12-22 10:19:31.391434,3488,0.0,Internal
2025-12-13 19:50:01.391434,3591,0.0,Internal
2025-12-20 23:40:30.391434,1507,450.1,International
2025-12-25 07:38:41.391434,3104,478.93,International
2025-11-30 06:50:59.391434,3497,65.53,Internal
2025-12-21 04:58:24.391434,742,454.74,International
2025-12-26 20:38:53.391434,354,460.04,Internal
2025-12-09 04:00:03.391434,244,473.98,Internal
2025-12-01 19:13:49.391434,3376,0.0,International
2025-12-27 15:56:42.391434,3484,0.0,International
2025-12-10 13:30:01.391434,3430,0.0,International
2025-12-21 00:44:55.391434,3505,218.99,Internal
2025-12-11 19:19:11.391434,2902,477.65,Internal
2025-12-19 03:10:19.391434,2847,452.76,Internal
2025-12-16 17:28:03.391434,2209,453.37,Internal
2025-12-23 02:30:51.391434,3550,0.0,Internal
2025-12-03 13:27:34.391434,1890,455.38,International
2025-12-08 19:27:10.391434,2874,460.97,Roaming
2025-12-12 07:25:39.391434,2816,450.11,Internal
2025-12-12 21:54:07.391434,3413,0.0,International
2025-12-04 07:51:57.391434,1636,491.15,International
2025-12-10 04:50:52.391434,3461,437.55,International
2025-12-23 15:22:52.391434,3591,378.78,International
2025-12-06 09:11:51.391434,2992,454.05,Internal
2025-12-24 17:04:44.391434,3395,313.04,Internal
2025-12-09 07:11:47.391434,3581,0.0,Internal
2025-12-11 09:59:52.391434,2306,478.21,Roaming
2025-12-10 10:05:04.391434,3359,353.12,Internal
2025-12-11 17:56:12.391434,3554,199.77,Internal
2025-12-26 07:04:25.391434,2058,460.88,Internal
2025-12-14 13:54:48.391434,1222,467.59,International
2025-12-16 17:08:31.391434,3444,35.89,Emergency
2025-12-03 20:19:26.391434,3324,391.33,International
2025-11-29 05:02:36.391434,3354,21.51,Internal
2025-12-06 15:18:39.391434,3228,453.68,International
2025-12-02 19:39:14.391434,3410,198.69,Emergency
2025-12-12 08:15:04.391434,563,477.65,Internal
2025-12-21 16:12:12.391434,3591,151.89,Internal
2025-12-01 06:33:04.391434,1503,494.48,Internal
2025-11-29 09:43:40.391434,3331,0.0,Internal
2025-12-26 04:48:31.391434,3372,0.0,Internal
2025-12-20 23:44:38.391434,1775,478.95,Internal
2025-12-04 16:24:45.391434,3518,92.45,Internal
2025-12-23 18:26:12.391434,3556,159.67,Emergency
2025-12-05 10:03:09.391434,3320,158.22,Internal
2025-12-29 05:02:21.391434,3569,50.2,International
2025-11-30 09:41:07.391434,2554,491.34,Internal
2025-12-03 02:03:11.391434,3146,462.89,Internal
2025-12-16 18:51:40.391434,2794,457.83,Internal
2025-12-02 20:25:20.391434,1443,485.31,Internal
2025-12-11 07:36:27.391434,3130,486.77,International
2025-12-28 22:46:41.391434,3393,0.0,Internal
2025-12-02 12:14:29.391434,2354,487.24,Internal
2025-12-08 15:51:49.391434,3349,182.04,Internal
2025-11-28 17:35:46.391434,3374,201.28,Internal
2025-12-11 00:05:55.391434,2417,458.2,Internal
2025-12-04 22:19:56.391434,806,492.41,Internal
2025-12-28 14:46:03.391434,1402,477.36,Roaming
2025-12-19 19:39:27.391434,3088,464.53,International
2025-12-27 12:31:47.391434,3593,73.55,International
2025-12-09 23:05:34.391434,3554,0.0,Emergency
2025-12-11 06:29:01.391434,3547,240.76,International
2025-12-02 01:11:27.391434,3548,464.67,International
2025-12-05 20:53:02.391434,3522,0.0,Internal
2025-12-18 14:56:11.391434,716,490.78,Internal
2025-12-21 01:07:43.391434,3302,444.2,International
2025-12-03 12:02:10.391434,1873,459.95,International
2025-12-01 06:50:58.391434,3454,55.42,International
2025-12-02 17:57:46.391434,2598,486.38,Internal
2025-12-28 04:30:19.391434,3393,371.93,International
2025-12-23 06:22:14.391434,3349,432.3,Internal
2025-12-16 08:50:45.391434,1118,476.22,Internal
2025-12-28 20:45:00.391434,3553,324.28,International
2025-12-25 18:24:58.391434,3227,488.7,Internal
2025-12-16 12:46:38.391434,2013,497.76,Internal
2025-12-18 05:39:38.391434,3337,319.6,Internal
2025-12-27 09:49:23.391434,3376,0.0,Internal
2025-12-08 16:10:31.391434,3332,413.94,Internal
2025-12-04 03:38:01.391434,321,460.35,Internal
2025-12-21 00:48:39.391434,3554,464.44,Internal
2025-11-29 10:53:47.391434,3367,0.0,Internal
2025-12-26 17:32:49.391434,3465,424.77,Internal
2025-12-05 12:18:32.391434,144,469.02,Emergency
2025-12-17 08:03:40.391434,3328,433.1,International
2025-12-24 03:12:42.391434,1514,467.94,Internal
2025-12-08 09:16:57.391434,3426,165.67,Internal
2025-12-07 06:45:25.391434,3466,432.17,Internal
2025-12-14 16:43:24.391434,3599,206.87,International
2025-12-22 14:10:33.391434,3498,492.49,Roaming
2025-12-13 14:39:01.391434,3527,222.64,Internal
2025-12-04 22:04:45.391434,3418,170.22,Internal
2025-12-16 14:57:25.391434,2179,450.75,International
2025-12-17 21:03:51.391434,3467,0.0,Internal
2025-12-09 15:41:18.391434,2091,487.21,International
2025-12-24 08:34:29.391434,3415,296.14,Internal
2025-11-28 19:08:00.391434,298,465.52,Internal
2025-12-01 14:01:10.391434,3560,27.28,Internal
2025-12-08 01:11:15.391434,909,487.81,Internal
2025-12-02 04:26:17.391434,3356,0.0,Internal
2025-12-01 00:20:25.391434,3412,0.0,Internal
2025-12-03 23:25:01.391434,1172,451.64,International
2025-12-11 06:00:00.391434,3595,210.26,Internal
2025-12-15 22:47:14.391434,3571,262.28,Internal
2025-12-22 22:43:52.391434,624,498.48,Internal
2025-12-26 22:19:04.391434,2411,454.41,Roaming
2025-12-02 06:55:57.391434,3498,74.92,Internal
2025-12-25 18:18:36.391434,3453,118.67,Internal
2025-11-28 17:44:40.391434,3581,0.0,Roaming
2025-12-04 13:29:56.391434,963,491.76,Internal
2025-12-15 17:30:57.391434,811,495.56,Emergency
2025-12-21 21:10:33.391434,1014,451.53,International
2025-12-22 12:57:21.391434,3544,363.17,Emergency
2025-12-12 14:51:38.391434,1145,467.82,International
2025-11-30 22:50:48.391434,3443,390.11,Internal
2025-12-21 11:35:05.391434,2603,466.0,International
2025-12-13 02:11:36.391434,3439,0.0,Internal
2025-12-12 14:28:35.391434,2412,450.69,Internal
2025-12-06 10:05:51.391434,3594,175.16,Internal
2025-12-01 12:20:14.391434,2050,499.07,Internal
2025-12-01 10:27:54.391434,712,497.71,Roaming
2025-12-05 04:37:29.391434,3406,0.0,Internal
2025-12-07 09:22:41.391434,1152,476.74,Internal
2025-12-13 15:03:24.391434,2195,451.59,International
2025-12-12 11:05:43.391434,3581,394.27,International
2025-12-24 17:29:04.391434,3087,471.57,Internal
2025-12-15 22:12:29.391434,2919,469.33,Internal
2025-12-26 12:44:39.391434,2646,482.05,International
2025-12-29 07:03:05.391434,1890,499.67,International
2025-12-11 19:27:33.391434,3375,0.0,International
2025-12-08 12:28:38.391434,2974,466.99,Internal
2025-12-22 19:34:35.391434,3551,312.32,Roaming
2025-12-28 01:15:22.391434,3457,39.8,International
2025-11-30 00:31:20.391434,155,453.65,Internal
2025-11-29 15:30:00.391434,1418,482.23,Internal
2025-12-09 02:50:56.391434,3265,467.94,Internal
2025-12-23 08:06:05.391434,3442,0.0,International
2025-12-04 16:18:22.391434,3351,7.48,International
2025-12-19 16:09:32.391434,1011,496.45,Emergency
2025-12-04 08:34:53.391434,3361,325.33,International
2025-12-11 14:07:18.391434,2623,484.75,International
2025-12-19 13:22:11.391434,762,476.79,Internal
2025-12-24 20:34:53.391434,3514,410.36,Internal
2025-12-19 13:26:32.391434,1171,486.01,Internal
2025-12-24 09:36:33.391434,508,460.02,Internal
2025-12-27 05:05:13.391434,3511,405.35,Roaming
2025-12-09 21:21:19.391434,3349,305.0,Internal
2025-12-23 00:44:30.391434,3510,345.51,International
2025-12-20 00:39:08.391434,32,485.7,Internal
2025-12-05 15:13:27.391434,3566,61.11,Internal
2025-12-09 11:21:30.391434,1757,474.31,Internal
2025-12-24 21:56:45.391434,3358,0.0,Internal
2025-12-18 15:38:06.391434,3379,140.83,Internal
2025-12-27 17:47:17.391434,3334,497.27,Internal
2025-12-29 01:37:54.391434,816,463.05,Internal
2025-12-25 05:20:16.391434,221,476.12,Internal
2025-12-20 17:07:28.391434,2798,451.73,Internal
2025-12-23 06:43:39.391434,816,474.22,Internal
2025-12-04 07:04:57.391434,528,452.63,Internal
2025-12-26 15:42:26.391434,40,478.16,Internal
2025-12-20 18:50:00.391434,2033,479.01,Internal
2025-12-23 06:09:36.391434,2398,460.82,International
2025-12-19 09:15:34.391434,3479,204.88,Internal
2025-12-01 07:57:47.391434,3338,40.31,Internal
2025-12-05 06:07:36.391434,3335,32.48,International
2025-12-06 13:59:17.391434,3438,165.91,Internal
2025-12-02 16:45:31.391434,3495,432.8,International
2025-12-17 12:48:22.391434,243,461.52,Internal
2025-12-24 15:14:35.391434,3571,346.32,Internal
2025-12-28 00:38:05.391434,3343,0.0,Internal
2025-12-21 14:37:56.391434,3543,108.6,International
2025-12-22 19:56:58.391434,3557,446.8,International
2025-11-28 22:27:30.391434,413,490.05,International
2025-12-03 14:39:54.391434,3349,278.88,Internal
2025-12-23 16:38:42.391434,472,493.71,International
2025-11-28 19:50:24.391434,3545,211.4,Emergency
2025-12-09 09:59:37.391434,637,487.41,Roaming
2025-12-25 20:23:19.391434,2675,468.73,Internal
2025-12-10 10:57:27.391434,1433,476.46,Roaming
2025-12-16 07:07:43.391434,3508,485.56,Internal
2025-12-14 01:01:18.391434,2364,464.57,Roaming
2025-12-06 18:50:27.391434,3553,0.0,Internal
2025-12-04 19:43:02.391434,865,496.6,Internal
2025-12-10 10:49:33.391434,1115,463.13,International
2025-12-25 15:32:03.391434,3427,0.0,Internal
2025-12-18 08:56:29.391434,3439,214.56,Internal
2025-11-28 14:52:32.391434,3587,126.7,International
2025-12-29 08:51:13.391434,3370,58.17,Internal
2025-12-02 20:40:57.391434,3584,0.0,Internal
2025-12-16 13:28:02.391434,3140,461.26,International
2025-11-29 17:02:09.391434,3404,280.03,International
2025-12-06 01:28:48.391434,3599,0.0,International
2025-12-12 20:03:38.391434,3509,274.76,Internal
2025-12-27 18:41:04.391434,3463,0.0,International
2025-12-17 12:09:34.391434,3447,230.42,International
2025-12-19 08:05:16.391434,3474,73.75,Internal
2025-11-30 11:41:24.391434,3422,0.0,Internal
2025-12-20 08:31:36.391434,3512,482.06,Emergency
2025-12-10 00:02:51.391434,3425,375.8,International
2025-12-25 00:53:50.391434,3392,151.12,Emergency
2025-12-14 09:51:55.391434,3421,240.58,Internal
2025-12-21 16:53:56.391434,3590,0.0,Internal
2025-12-12 06:50:26.391434,2252,483.98,Internal
2025-12-03 22:53:49.391434,3449,0.0,Internal
2025-12-15 01:45:42.391434,3160,457.2,Emergency
2025-12-13 20:01:49.391434,3436,446.79,Roaming
2025-12-15 15:22:25.391434,3525,15.24,International
2025-11-30 09:49:39.391434,3453,218.08,Internal
2025-11-29 21:20:57.391434,3532,78.41,International
2025-12-10 16:20:05.391434,3582,468.62,Internal
2025-12-19 01:44:32.391434,3546,32.44,Emergency
2025-12-16 17:14:45.391434,1279,467.17,Internal
2025-12-08 07:07:02.391434,39,487.44,Internal
2025-12-12 01:57:37.391434,3588,347.11,International
2025-12-23 14:46:08.391434,3353,0.0,Internal
2025-12-06 11:58:11.391434,3415,0.0,Internal
2025-12-20 14:51:50.391434,1671,460.65,Internal
2025-12-01 07:25:29.391434,2958,458.17,Internal
2025-12-22 16:36:03.391434,3104,474.04,International
2025-12-20 13:44:49.391434,3045,498.47,International
2025-12-29 05:37:47.391434,1177,497.96,International
2025-12-17 06:44:02.391434,1984,452.42,International
2025-12-13 20:06:33.391434,3352,0.0,International
2025-12-08 12:49:50.391434,3116,473.58,International
2025-12-20 22:55:02.391434,929,452.68,Internal
2025-12-18 23:00:36.391434,3486,0.0,International
2025-12-27 18:01:28.391434,3552,158.9,International
2025-12-20 22:13:52.391434,3407,23.7,Internal
2025-12-15 18:26:56.391434,1804,460.57,Internal
2025-12-03 01:20:29.391434,3405,0.0,Internal
2025-12-03 16:55:35.391434,3392,0.0,Internal
2025-12-20 18:47:40.391434,1221,463.79,Internal
2025-12-09 17:37:12.391434,1991,452.86,Internal
2025-12-28 06:30:37.391434,1149,452.38,Internal
2025-11-30 16:25:22.391434,3436,77.79,Emergency
2025-12-10 23:17:52.391434,3357,72.1,Roaming
2025-11-30 21:45:36.391434,1016,476.21,Roaming
2025-12-14 13:53:33.391434,3547,0.0,Internal
2025-12-14 02:57:04.391434,3582,367.56,Internal
2025-12-10 19:05:17.391434,367,494.34,Internal
2025-12-03 20:01:36.391434,3130,457.91,Internal
2025-12-15 05:57:09.391434,495,496.28,Internal
2025-12-10 14:42:04.391434,3065,452.62,International
2025-12-01 09:18:46.391434,37,461.94,Internal
2025-12-14 20:09:07.391434,2120,499.67,Internal
2025-12-08 01:09:26.391434,3518,207.87,Internal
2025-12-04 14:21:08.391434,1179,457.88,International
2025-12-04 01:33:49.391434,1234,463.83,International
2025-12-15 13:02:51.391434,3489,259.16,Internal
2025-12-02 23:15:13.391434,3557,499.53,Internal
2025-12-07 00:34:10.391434,3303,341.77,Internal
2025-12-18 03:01:57.391434,473,476.3,Internal
2025-12-26 19:22:32.391434,3400,0.0,Internal
2025-12-11 21:23:30.391434,2919,473.55,International
2025-12-11 03:53:40.391434,3443,64.97,International
2025-12-28 18:14:45.391434,3488,278.32,Internal
2025-12-26 02:35:22.391434,366,482.7,Internal
2025-12-08 02:41:00.391434,3371,187.17,International
2025-12-03 06:22:38.391434,2108,463.55,Internal
2025-12-25 05:36:49.391434,471,457.63,International
2025-12-05 08:52:19.391434,3397,390.32,Internal
2025-12-25 08:28:36.391434,390,454.87,Internal
2025-12-04 17:45:30.391434,3317,421.12,Internal
2025-12-17 19:45:35.391434,3257,476.27,Emergency
2025-12-15 06:03:59.391434,2275,463.33,Internal
2025-12-27 20:58:52.391434,3597,256.46,Internal
2025-11-28 23:14:27.391434,632,497.63,Internal
2025-12-08 12:38:20.391434,3412,441.05,International
2025-12-26 13:24:36.391434,2125,482.79,Internal
2025-12-04 22:42:04.391434,3552,218.07,Emergency
2025-12-22 03:43:19.391434,3324,38.81,Internal
2025-12-23 15:19:18.391434,3519,275.8,Roaming
2025-12-16 16:01:16.391434,2694,489.27,International
2025-12-17 02:32:00.391434,3524,170.59,International
2025-11-30 13:45:02.391434,3429,419.86,Internal
2025-12-27 08:23:28.391434,3131,471.65,Roaming
2025-12-24 20:30:51.391434,3456,220.92,International
2025-12-14 05:51:52.391434,500,491.16,Internal
2025-12-22 14:16:13.391434,3427,292.09,Internal
2025-12-11 07:08:33.391434,3403,331.21,Internal
2025-12-22 10:13:21.391434,931,466.59,Internal
2025-12-25 02:01:06.391434,2229,471.11,Internal
2025-12-16 11:31:03.391434,3492,0.0,Roaming
2025-12-26 15:31:38.391434,3391,81.53,Internal
2025-12-02 23:28:41.391434,3483,139.22,Internal
2025-12-15 15:51:46.391434,3375,431.05,Internal
2025-12-25 01:06:11.391434,3535,13.69,Internal
2025-11-30 02:19:32.391434,550,494.57,International
2025-12-16 09:17:05.391434,3597,350.36,International
2025-12-09 01:43:47.391434,3522,401.0,International
2025-12-26 10:00:55.391434,2978,474.11,Internal
2025-12-24 13:45:26.391434,3303,0.0,Internal
2025-12-22 22:42:07.391434,3562,397.73,International
2025-12-16 18:29:06.391434,3441,165.06,Internal
2025-12-27 04:35:04.391434,1090,470.59,International
2025-12-29 07:16:42.391434,3385,199.13,Roaming
2025-12-02 08:47:17.391434,3398,395.33,Internal
2025-12-02 12:05:03.391434,187,486.84,Internal
2025-12-24 02:43:48.391434,273,488.65,Emergency
2025-11-28 12:56:43.391434,3525,247.25,Internal
2025-12-26 10:40:47.391434,3078,462.63,Internal
2025-12-04 19:49:33.391434,766,456.18,Internal
2025-12-20 15:29:47.391434,3325,0.0,Internal
2025-12-16 13:27:09.391434,3420,420.34,Roaming
2025-12-05 12:43:24.391434,3438,185.46,International
2025-12-10 13:40:06.391434,3562,0.0,Internal
2025-12-23 21:56:24.391434,3528,359.9,Internal
2025-12-10 13:18:15.391434,3354,0.0,Internal
2025-12-23 05:18:48.391434,3442,325.68,Internal
2025-12-26 11:09:19.391434,2521,492.04,International
2025-12-15 13:37:01.391434,3530,21.39,Internal
2025-12-07 13:27:05.391434,3575,453.31,Internal
2025-12-08 17:40:01.391434,107,487.67,International
2025-12-28 15:57:42.391434,2388,495.17,Internal
2025-12-04 20:30:46.391434,3587,119.86,Internal
2025-12-08 04:46:23.391434,254,469.16,Internal
2025-11-30 06:19:12.391434,3380,463.03,Internal
2025-12-20 02:57:33.391434,3564,142.55,Internal
2025-12-16 10:45:34.391434,3368,0.0,International
2025-12-25 13:51:47.391434,155,482.74,Internal
2025-12-11 14:18:52.391434,1391,494.65,Internal
2025-12-20 10:32:57.391434,2983,469.36,International
2025-12-16 01:23:16.391434,3396,0.0,International
2025-12-09 16:51:04.391434,3537,459.46,Emergency
2025-12-21 00:06:15.391434,483,463.45,Internal
2025-12-16 00:49:42.391434,136,492.57,Internal
2025-12-09 01:47:23.391434,3510,311.71,Emergency
2025-12-16 16:59:05.391434,3075,486.6,Internal
2025-12-19 10:30:21.391434,2092,451.63,Internal
2025-12-25 20:52:39.391434,1190,476.78,Internal
2025-12-07 07:06:21.391434,2037,469.41,International
2025-12-27 01:12:45.391434,3453,0.0,International
2025-12-05 12:57:38.391434,2300,489.14,Internal
2025-12-08 06:44:05.391434,2616,493.27,International
2025-12-01 04:23:45.391434,711,485.96,Internal
2025-12-05 22:26:48.391434,3443,116.83,Roaming
2025-12-21 11:28:57.391434,18,455.33,Internal
2025-12-29 00:57:49.391434,2708,481.44,Emergency
2025-12-10 17:53:36.391434,1943,489.83,Emergency
2025-12-16 02:27:08.391434,3039,464.09,International
2025-12-05 06:53:12.391434,3448,170.03,Internal
2025-12-11 13:14:35.391434,1113,455.32,Internal
2025-12-27 07:00:26.391434,3377,28.5,Internal
2025-12-09 13:03:36.391434,610,458.38,International
2025-12-28 02:15:07.391434,525,481.62,Internal
2025-12-08 06:43:25.391434,2339,484.96,Internal
2025-12-03 09:05:25.391434,3361,0.0,Internal
2025-12-08 03:37:54.391434,917,484.45,Internal
2025-12-16 22:36:26.391434,3341,0.0,Internal
2025-12-17 22:29:00.391434,1189,488.78,International
2025-12-05 23:54:41.391434,3595,406.45,Internal
2025-12-09 11:53:44.391434,2273,469.03,Internal
2025-12-22 15:51:08.391434,485,452.71,International
2025-12-02 07:45:49.391434,1610,476.44,Internal
2025-12-11 18:22:47.391434,3189,463.86,Internal
2025-12-01 10:57:35.391434,1315,474.62,Roaming
2025-12-25 16:29:50.391434,3399,0.0,Internal
2025-12-20 13:15:46.391434,446,489.77,International
2025-12-23 11:40:12.391434,48,477.29,Internal
2025-12-19 03:01:46.391434,3593,0.0,International
2025-12-05 05:25:50.391434,3343,11.13,Internal
2025-12-20 18:22:01.391434,2114,475.84,Internal
2025-12-02 04:43:28.391434,3457,0.0,Roaming
2025-12-22 13:00:12.391434,3466,317.41,Internal
2025-12-04 22:50:18.391434,1606,466.78,International
2025-12-09 01:11:19.391434,3315,409.1,Emergency
2025-12-19 21:50:44.391434,3547,357.29,Internal
2025-12-20 03:23:01.391434,2093,462.66,Roaming
2025-12-17 14:45:01.391434,1754,461.45,Internal
2025-12-20 22:15:17.391434,1297,464.09,Internal
2025-12-13 08:58:02.391434,1259,485.8,Internal
2025-12-06 00:18:21.391434,3518,7.01,Internal
2025-12-24 09:09:10.391434,2078,469.2,Internal
2025-11-29 18:09:24.391434,3374,87.59,Internal
2025-12-22 08:02:03.391434,889,498.01,Internal
2025-12-02 16:37:33.391434,3301,215.1,International
2025-12-24 03:49:21.391434,2841,451.67,International
2025-12-29 02:03:50.391434,3310,47.2,International
2025-12-24 15:32:52.391434,892,495.23,Internal
2025-12-21 16:02:31.391434,297,461.85,Internal
2025-12-29 05:13:24.391434,3341,171.87,International
2025-12-12 10:28:38.391434,3372,145.09,Internal
2025-12-09 08:12:19.391434,3005,459.91,International
2025-12-02 11:25:13.391434,3339,474.1,International
2025-12-02 23:54:38.391434,3499,23.78,International
2025-12-06 14:02:13.391434,3575,0.0,Roaming
2025-12-02 16:49:32.391434,733,458.14,Roaming
2025-12-01 01:45:15.391434,3470,0.0,Internal
2025-12-24 17:43:59.391434,3291,476.87,Internal
2025-12-07 20:02:44.391434,3206,471.43,Internal
2025-12-19 03:42:50.391434,3465,489.74,Emergency
2025-12-24 20:42:13.391434,1803,492.23,Roaming
2025-12-04 14:46:24.391434,3587,128.45,Internal
2025-12-06 09:44:39.391434,3586,158.67,Internal
2025-11-28 09:16:56.391434,1131,481.0,Roaming
2025-12-22 13:44:23.391434,126,495.99,Internal
2025-11-29 07:47:15.391434,3548,472.73,Internal
2025-12-06 18:37:15.391434,2207,495.99,Internal
2025-11-29 05:07:22.391434,102,465.04,Internal
2025-12-08 23:58:47.391434,3480,495.68,Internal
2025-11-30 05:48:13.391434,3480,316.0,Internal
2025-12-27 05:40:14.391434,3339,474.66,Roaming
2025-12-12 02:19:44.391434,1728,489.78,International
2025-12-25 21:40:22.391434,3497,352.99,Internal
2025-12-14 19:23:33.391434,3400,0.0,International
2025-12-07 21:42:15.391434,3367,141.99,International
2025-12-17 11:10:13.391434,3355,76.23,Internal
2025-12-07 09:15:31.391434,3537,341.95,International
2025-12-15 07:16:55.391434,3510,166.66,Emergency
2025-12-10 18:36:22.391434,3486,0.0,Roaming
2025-12-11 10:30:09.391434,3326,0.0,Internal
2025-12-18 02:07:25.391434,3431,216.1,International
2025-12-23 00:44:35.391434,927,459.79,Internal
2025-12-21 20:12:38.391434,2917,475.31,Internal
2025-12-05 02:04:04.391434,3577,24.61,Internal
2025-12-24 16:34:46.391434,3490,0.0,Internal
2025-12-25 09:38:20.391434,314,475.82,Internal
2025-12-07 13:55:32.391434,3489,114.43,Internal
2025-12-24 04:23:04.391434,3533,0.0,Internal
2025-12-12 23:03:56.391434,3322,378.02,International
2025-12-24 05:28:05.391434,3502,362.33,Internal
2025-12-14 17:11:54.391434,3344,372.37,Internal
2025-12-03 14:48:43.391434,3561,0.0,Internal
2025-11-29 10:33:59.391434,3572,452.23,Internal
2025-12-21 16:23:57.391434,3572,0.0,Internal
2025-12-18 07:10:35.391434,3581,126.56,Internal
2025-12-04 04:13:18.391434,3404,390.94,International
2025-12-08 03:58:28.391434,3446,153.58,Roaming
2025-12-21 15:57:52.391434,3525,0.0,Internal
2025-12-09 23:11:02.391434,3569,0.0,International
2025-12-02 02:42:14.391434,3412,276.23,Internal
2025-12-15 09:23:58.391434,3538,0.0,International
2025-12-09 23:31:34.391434,1173,463.29,Internal
2025-12-28 21:20:53.391434,3581,172.74,Internal
2025-12-07 23:13:47.391434,3344,460.08,Emergency
2025-12-07 15:04:47.391434,3429,174.6,Internal
2025-12-28 20:43:56.391434,3325,342.95,Internal
2025-12-15 17:39:18.391434,990,494.73,Internal
2025-12-13 19:09:39.391434,1682,478.78,International
2025-12-19 01:48:59.391434,982,452.67,Internal
2025-12-28 07:13:22.391434,3524,490.65,Internal
2025-12-19 23:14:26.391434,3342,0.0,International
2025-12-19 13:43:03.391434,3315,270.66,Emergency
2025-12-18 02:44:13.391434,3599,51.89,Internal
2025-12-13 09:40:49.391434,3373,381.84,Internal
2025-12-23 20:49:23.391434,2194,459.73,International
2025-12-01 11:19:13.391434,3518,273.93,Internal
2025-11-29 20:15:57.391434,3313,0.0,Internal
2025-12-03 16:07:03.391434,3012,475.0,Emergency
2025-12-11 18:56:50.391434,2911,471.52,International
2025-12-22 12:10:04.391434,3468,443.65,International
2025-12-01 13:17:24.391434,3324,0.0,International
2025-12-08 19:11:40.391434,3371,323.22,Internal
2025-12-14 08:16:14.391434,3579,462.94,Internal
2025-12-07 23:35:00.391434,542,497.91,Internal
2025-12-08 11:12:13.391434,3375,238.67,Internal
2025-12-19 21:06:30.391434,1274,471.81,Internal
2025-12-27 22:46:23.391434,3421,155.2,International
2025-11-30 14:20:39.391434,586,478.01,Internal
2025-12-10 05:33:33.391434,3350,11.81,Internal
2025-12-25 12:10:04.391434,1415,487.46,International
2025-12-16 02:19:22.391434,3426,390.55,International
2025-12-20 00:37:50.391434,3460,415.92,Internal
2025-12-26 09:10:32.391434,3435,263.08,Internal
2025-11-29 21:23:38.391434,2111,478.13,International
2025-12-12 19:40:59.391434,3386,467.38,Internal
2025-12-11 04:59:44.391434,1077,476.87,Emergency
2025-12-02 19:50:50.391434,3557,35.71,Internal
2025-12-18 00:34:17.391434,3426,442.85,Internal
2025-12-27 04:57:55.391434,1282,477.06,Internal
2025-12-27 22:15:40.391434,1466,491.13,Internal
2025-12-01 02:18:41.391434,3553,375.21,International
2025-12-24 15:45:06.391434,3386,0.0,Internal
2025-12-06 16:59:22.391434,3376,0.0,Internal
2025-11-29 12:47:45.391434,1182,453.38,Internal
2025-12-13 12:31:01.391434,3530,297.97,International
2025-12-01 10:43:39.391434,3358,0.0,International
2025-12-14 08:35:07.391434,2568,488.87,International
2025-12-16 09:58:35.391434,3424,148.92,International
2025-12-25 23:43:40.391434,3590,0.0,International
2025-12-25 09:08:45.391434,3383,90.39,Internal
2025-12-10 03:03:46.391434,1085,480.86,International
2025-12-02 04:13:00.391434,3345,0.0,Internal
2025-12-07 04:38:11.391434,3596,0.0,Internal
2025-12-18 22:19:29.391434,3561,455.37,Internal
2025-12-17 00:14:27.391434,3495,0.0,Internal
2025-12-04 06:25:26.391434,3309,13.2,Internal
2025-12-21 12:01:17.391434,1232,475.91,Internal
2025-12-18 21:35:21.391434,2226,493.74,Internal
2025-12-10 02:07:43.391434,3372,0.0,Roaming
2025-11-28 12:43:08.391434,3534,204.0,Internal
2025-12-22 02:39:15.391434,3042,470.68,Internal
2025-12-10 19:08:27.391434,3465,404.35,International
2025-12-21 13:06:14.391434,2998,464.73,International
2025-12-02 04:26:23.391434,3367,6.26,International
2025-12-04 22:03:05.391434,3387,0.0,International
2025-12-07 18:12:21.391434,3575,0.0,International
2025-12-05 15:17:58.391434,544,465.26,Internal
2025-12-06 22:20:04.391434,1998,463.38,Internal
2025-12-10 16:12:18.391434,3439,309.96,International
2025-12-27 11:09:48.391434,3498,309.7,Internal
2025-12-06 09:19:06.391434,3509,44.11,International
2025-12-24 13:25:09.391434,3418,94.21,Internal
2025-11-28 12:11:29.391434,2533,466.4,Internal
2025-12-05 03:21:21.391434,3302,465.3,Internal
2025-12-02 08:01:56.391434,3506,441.63,International
2025-12-16 21:41:08.391434,3386,0.0,Roaming
2025-12-06 03:59:04.391434,3313,261.24,Internal
2025-12-26 19:23:08.391434,1235,466.84,Internal
2025-12-23 06:09:33.391434,3228,456.12,Internal
2025-12-04 07:50:30.391434,3355,0.0,Internal
2025-12-08 16:44:55.391434,3550,123.83,Internal
2025-12-15 15:40:10.391434,1495,490.74,Internal
2025-12-25 07:44:03.391434,975,461.41,Internal
2025-12-19 20:57:29.391434,2084,484.24,Internal
2025-12-27 22:01:16.391434,1360,455.33,International
2025-12-13 19:48:06.391434,2537,462.92,Internal
2025-12-21 08:01:24.391434,3205,477.34,International
2025-12-14 02:01:05.391434,350,457.66,International
2025-11-30 11:33:52.391434,3540,187.15,Internal
2025-12-24 18:02:15.391434,3424,484.41,International
2025-12-09 02:41:27.391434,3362,459.62,Internal
2025-12-09 00:43:00.391434,2130,481.9,Internal
2025-12-08 18:09:21.391434,1676,474.37,Internal
2025-12-16 14:06:42.391434,3361,129.41,Emergency
2025-12-28 02:53:55.391434,1957,485.69,Internal
2025-12-01 08:46:26.391434,3461,0.0,Internal
2025-12-28 04:56:12.391434,1116,462.0,Internal
2025-12-03 03:17:57.391434,3310,61.17,Internal
2025-12-17 10:10:35.391434,3025,487.16,Internal
2025-12-19 12:32:52.391434,1529,452.9,International
2025-12-11 18:09:24.391434,2428,498.15,Internal
2025-12-27 09:11:18.391434,3441,207.8,International
2025-11-29 00:35:03.391434,953,496.82,Internal
2025-12-27 07:37:26.391434,1914,485.79,Internal
2025-12-27 11:30:54.391434,3353,320.42,Internal
2025-12-10 13:54:37.391434,1267,481.23,Internal
2025-12-07 15:04:08.391434,3485,493.63,International
2025-12-23 01:59:42.391434,3563,388.95,Internal
2025-12-26 19:14:00.391434,640,484.53,International
2025-12-03 00:51:01.391434,3352,133.18,Internal
2025-12-22 16:37:06.391434,1767,473.34,Internal
2025-12-24 07:00:48.391434,3469,0.0,International
2025-12-22 16:13:19.391434,1973,460.39,International
2025-12-14 21:59:08.391434,526,477.48,Internal
2025-11-28 11:05:11.391434,3310,146.21,Internal
2025-12-08 05:50:46.391434,2553,476.22,Roaming
2025-12-10 17:24:11.391434,1290,494.17,Internal
2025-12-27 16:40:26.391434,3418,333.43,Internal
2025-12-27 09:09:06.391434,2081,450.08,International
2025-11-29 15:30:28.391434,3408,291.86,International
2025-12-18 13:01:37.391434,3472,359.21,International
2025-12-07 03:02:50.391434,1949,470.99,International
2025-12-08 19:57:32.391434,3524,299.33,International
2025-12-07 07:32:31.391434,3512,154.43,Internal
2025-12-22 21:50:29.391434,3523,149.24,International
2025-12-25 17:32:55.391434,3449,0.0,Internal
2025-12-27 10:19:33.391434,2263,485.85,International
2025-12-16 18:57:10.391434,3472,282.09,Internal
2025-12-16 07:52:30.391434,640,458.27,Roaming
2025-12-26 19:39:32.391434,644,468.01,International
2025-12-13 07:42:22.391434,3512,53.13,Internal
2025-12-02 06:58:49.391434,3151,478.48,Internal
2025-12-01 20:44:48.391434,3438,288.75,Roaming
2025-12-29 03:59:33.391434,3383,186.1,Internal
2025-12-08 18:45:36.391434,3173,498.82,Internal
2025-12-22 02:47:10.391434,3326,137.85,International
2025-12-14 23:31:47.391434,3453,181.81,Internal
2025-12-26 05:57:17.391434,3328,0.0,Roaming
2025-11-29 16:00:00.391434,3568,462.66,Internal
2025-12-01 19:38:07.391434,3502,0.0,Emergency
2025-12-25 06:22:16.391434,3452,405.36,Internal
2025-12-05 07:24:51.391434,3573,285.59,Internal
2025-12-06 18:42:34.391434,293,473.45,International
2025-12-06 10:16:33.391434,2705,461.84,Internal
2025-12-13 00:26:16.391434,3449,164.54,International
2025-12-06 10:10:40.391434,3595,0.0,Internal
2025-12-23 23:14:04.391434,3131,484.72,Internal
2025-12-08 13:37:54.391434,2328,472.53,International
2025-11-29 22:00:34.391434,2646,485.44,Internal
2025-12-15 14:45:27.391434,3574,0.0,Internal
2025-12-19 12:47:25.391434,1987,494.49,Internal
2025-12-22 14:55:14.391434,795,464.53,Internal
2025-12-19 00:39:01.391434,114,478.74,International
2025-12-11 20:14:38.391434,841,474.4,International
2025-12-22 11:57:32.391434,3401,0.0,International
2025-12-04 07:53:12.391434,3542,0.0,International
2025-12-07 05:14:14.391434,3546,0.0,International
2025-11-28 11:20:40.391434,3391,110.38,Emergency
2025-12-14 22:14:00.391434,2573,474.7,International
2025-12-21 20:38:44.391434,2199,490.02,Roaming
2025-12-07 02:59:59.391434,3595,0.0,Internal
2025-12-05 04:45:04.391434,3440,232.93,Internal
2025-12-11 18:23:47.391434,1903,475.41,Internal
2025-12-11 06:06:23.391434,3519,0.0,Internal
2025-12-21 16:14:58.391434,3325,198.28,Internal
2025-12-27 08:24:48.391434,3543,162.25,International
2025-12-24 19:53:14.391434,3479,82.35,Internal
2025-12-26 04:11:47.391434,3402,152.25,International
2025-12-04 12:59:18.391434,737,470.3,International
2025-12-17 16:10:15.391434,3476,361.92,Internal
2025-11-30 22:35:48.391434,3459,324.33,International
2025-12-26 10:13:05.391434,2088,486.04,Internal
2025-12-27 22:11:34.391434,3121,456.06,International
2025-12-02 14:48:40.391434,3366,5.56,Internal
2025-12-07 01:05:31.391434,2077,473.35,Internal
2025-12-09 10:18:52.391434,3472,0.0,Internal
2025-12-25 18:36:44.391434,3472,301.42,International
2025-12-03 00:14:44.391434,3114,483.98,Internal
2025-12-22 09:57:13.391434,2479,465.49,Internal
2025-12-02 19:13:37.391434,3461,307.7,International
2025-12-26 03:42:49.391434,2849,497.06,Internal
2025-12-08 09:50:57.391434,3353,242.43,Internal
2025-12-18 16:35:30.391434,2482,495.94,Internal
2025-12-12 02:52:35.391434,3521,0.0,Internal
2025-12-18 09:55:57.391434,3573,0.0,International
2025-12-15 17:07:12.391434,3175,477.74,International
2025-12-17 05:09:42.391434,3529,486.48,Internal
2025-12-11 16:23:57.391434,2570,480.29,Emergency
2025-12-12 12:42:02.391434,3382,243.66,Internal
2025-12-19 10:44:51.391434,3449,260.05,Internal
2025-12-06 04:02:57.391434,3339,0.0,International
2025-12-08 15:41:27.391434,1774,452.08,Internal
2025-12-16 22:35:37.391434,3563,207.08,Roaming
2025-12-07 11:58:11.391434,3389,67.52,Internal
2025-11-28 15:35:21.391434,3445,373.19,Internal
2025-12-01 08:49:26.391434,964,474.6,International
2025-12-13 07:58:48.391434,498,460.65,International
2025-12-26 11:26:10.391434,3339,0.0,Internal
2025-12-25 07:36:21.391434,2579,462.34,Internal
2025-12-24 02:27:47.391434,3468,182.65,Internal
2025-12-06 02:29:03.391434,715,495.78,Internal
2025-12-15 17:52:27.391434,3494,248.17,Internal
2025-12-04 03:02:36.391434,1589,475.47,Roaming
2025-12-22 22:46:15.391434,3394,343.33,Internal
2025-12-20 14:08:09.391434,185,486.05,Roaming
2025-12-28 12:46:28.391434,3092,490.48,Internal
2025-12-20 07:26:11.391434,3444,56.25,Internal
2025-12-02 08:07:38.391434,845,458.91,Internal
2025-12-06 02:01:52.391434,3318,438.99,Internal
2025-12-04 09:31:18.391434,3087,494.79,Internal
2025-12-25 08:45:42.391434,452,489.4,International
2025-12-12 07:56:58.391434,3332,419.15,Roaming
2025-12-23 16:02:19.391434,1058,462.55,International
2025-12-09 06:42:13.391434,1498,478.8,Internal
2025-12-04 04:44:49.391434,3513,56.39,Roaming
2025-12-21 02:43:10.391434,3468,13.02,Internal
2025-12-07 12:31:29.391434,719,481.75,Internal
2025-12-19 17:03:59.391434,2911,479.79,Internal
2025-12-16 18:45:39.391434,3352,318.46,Internal
2025-12-28 21:14:32.391434,3155,478.28,Internal
2025-12-02 03:41:26.391434,1328,494.8,International
2025-12-25 05:13:55.391434,582,450.39,Internal
2025-12-12 21:21:53.391434,3456,395.22,Roaming
2025-12-29 03:33:23.391434,509,475.35,Internal
2025-12-27 22:18:16.391434,473,477.13,Roaming
2025-12-18 19:53:21.391434,3432,205.64,Internal
2025-12-02 04:59:09.391434,3585,152.23,Internal
2025-12-24 03:57:07.391434,449,466.14,International
2025-12-01 09:40:19.391434,491,489.21,Internal
2025-12-06 05:38:19.391434,456,451.51,Internal
2025-12-08 07:55:20.391434,3520,190.74,International
2025-12-01 19:48:13.391434,2634,499.81,Internal
2025-12-08 03:04:33.391434,770,483.94,International
2025-12-09 15:56:42.391434,3530,90.23,International
2025-12-04 18:08:09.391434,294,474.89,Internal
2025-11-29 10:13:34.391434,166,466.41,Internal
2025-12-12 16:17:46.391434,3333,0.0,Internal
2025-12-08 12:17:23.391434,3573,0.0,International
2025-12-21 22:54:53.391434,3388,366.12,International
2025-12-01 05:27:45.391434,3235,450.33,Internal
2025-12-10 13:04:20.391434,3307,298.82,International
2025-12-06 20:51:04.391434,3525,115.08,International
2025-12-26 08:21:07.391434,2156,468.67,International
2025-12-25 09:37:40.391434,3390,128.31,Internal
2025-12-21 09:56:00.391434,3530,0.0,International
2025-12-08 01:47:17.391434,2856,474.72,Internal
2025-12-06 23:49:32.391434,3407,305.79,Emergency
2025-12-23 01:18:02.391434,2819,489.9,Internal
2025-12-05 09:28:58.391434,3571,431.42,Internal
2025-12-28 02:56:14.391434,3517,50.34,Internal
2025-12-07 04:54:43.391434,2148,493.16,International
2025-12-01 08:40:07.391434,3489,261.55,Internal
2025-12-07 08:54:05.391434,2305,493.07,Emergency
2025-12-26 14:24:23.391434,3318,106.45,Internal
2025-12-24 08:35:08.391434,2368,467.39,Internal
2025-12-26 06:32:43.391434,3532,0.0,International
2025-12-05 22:13:51.391434,3038,496.0,Internal
2025-12-23 07:52:35.391434,2007,460.32,Internal
2025-12-04 05:24:04.391434,3034,450.81,Internal
2025-12-07 05:37:12.391434,3484,184.65,Internal
2025-12-22 20:15:44.391434,3343,404.78,International
2025-12-27 02:18:59.391434,3426,0.0,Internal
2025-12-25 14:34:05.391434,2778,453.92,International
2025-12-28 06:42:23.391434,3576,0.0,Internal
2025-12-08 12:29:56.391434,3551,130.84,Internal
2025-11-30 14:04:13.391434,3342,380.37,Internal
2025-12-13 20:44:44.391434,3551,120.91,Internal
2025-12-25 22:19:47.391434,3397,154.04,Internal
2025-12-14 01:29:33.391434,3392,0.0,International
2025-12-26 01:00:36.391434,1553,466.44,Internal
2025-12-28 14:55:32.391434,3402,0.0,Internal
2025-12-10 20:08:01.391434,2324,469.21,Emergency
2025-12-22 00:05:24.391434,3540,270.95,Internal
2025-12-20 11:10:49.391434,1252,457.51,International
2025-12-12 12:25:51.391434,1615,462.05,Roaming
2025-12-28 19:58:52.391434,1570,497.23,Internal
2025-12-19 11:02:23.391434,3494,0.0,Internal
2025-12-07 12:09:12.391434,2386,457.42,Internal
2025-12-26 22:21:58.391434,3467,343.1,Internal
2025-12-08 19:16:22.391434,3411,124.99,Internal
2025-12-24 21:25:06.391434,3413,53.51,Internal
2025-11-28 16:13:02.391434,3508,40.9,Internal
2025-12-18 08:13:14.391434,3424,408.82,International
2025-12-25 11:06:29.391434,3328,203.96,Internal
2025-12-02 13:44:41.391434,444,451.31,Internal
2025-12-04 18:40:16.391434,1735,498.91,Internal
2025-12-24 18:18:17.391434,3496,0.0,Internal
2025-12-18 05:32:26.391434,3579,155.17,Internal
2025-12-29 05:48:56.391434,507,478.52,Internal
2025-12-13 09:56:21.391434,3330,361.78,Internal
2025-12-16 22:44:53.391434,197,475.22,Internal
2025-12-18 01:50:37.391434,893,465.53,International
2025-12-14 02:36:58.391434,592,471.21,International
2025-12-06 09:15:21.391434,3510,159.83,Internal
2025-12-26 04:52:25.391434,1410,496.98,International
2025-12-17 13:56:26.391434,3498,0.0,International
2025-12-10 08:16:04.391434,3478,0.0,Internal
2025-12-22 19:21:51.391434,3438,322.82,International
2025-12-17 05:25:11.391434,3522,409.87,Internal
2025-12-07 20:34:02.391434,3440,96.53,International
2025-12-11 20:26:10.391434,1670,456.35,Internal
2025-12-12 01:59:33.391434,625,484.9,Internal
2025-11-30 14:04:06.391434,3068,467.97,Internal
2025-12-26 12:29:29.391434,3305,438.8,Roaming
2025-12-21 05:12:19.391434,2062,489.21,Internal
2025-12-01 04:15:14.391434,3374,158.21,Roaming
2025-12-26 16:19:04.391434,3568,0.0,International
2025-12-10 14:27:41.391434,3308,327.21,International
2025-12-10 06:33:30.391434,3554,475.49,Roaming
2025-12-16 20:02:16.391434,2498,477.32,International
2025-12-12 11:55:39.391434,194,499.85,International
2025-11-29 20:16:56.391434,3377,0.0,Internal
2025-12-25 23:57:08.391434,3385,421.46,International
2025-12-23 20:43:55.391434,3391,195.69,Internal
2025-12-01 03:07:08.391434,3494,86.07,International
2025-12-20 12:46:54.391434,3528,396.5,International
2025-12-16 11:48:58.391434,3538,466.04,International
2025-12-05 09:03:41.391434,1941,483.07,Internal
2025-12-02 06:29:58.391434,3504,356.32,Internal
2025-12-02 07:36:47.391434,1634,486.98,Roaming
2025-12-01 16:57:17.391434,2497,473.29,Internal
2025-12-14 04:43:22.391434,3399,28.28,Internal
2025-12-24 06:44:38.391434,1308,488.19,International
2025-12-06 02:27:59.391434,2911,497.85,Internal
2025-12-01 18:42:25.391434,1626,458.05,Internal
2025-12-14 09:53:15.391434,1754,457.07,Internal
2025-12-07 13:37:19.391434,3474,25.3,Internal
2025-12-18 05:30:52.391434,2255,455.65,International
2025-12-21 22:59:29.391434,2022,490.19,International
2025-12-28 13:51:09.391434,3437,249.1,Emergency
2025-12-10 10:57:46.391434,3520,206.85,Internal
2025-12-12 19:18:42.391434,1650,461.2,International
2025-12-23 20:51:20.391434,3578,0.0,Internal
2025-12-16 07:22:53.391434,3433,389.59,International
2025-12-19 10:57:37.391434,376,469.22,Emergency
2025-12-01 20:31:21.391434,3413,0.0,Internal
2025-12-17 09:15:27.391434,3403,61.93,Internal
2025-12-20 04:06:19.391434,2494,473.57,Internal
2025-12-04 17:01:38.391434,3057,450.86,Internal
2025-12-08 13:30:50.391434,3305,104.22,Internal
2025-12-11 15:39:25.391434,861,479.98,Internal
2025-12-20 05:54:36.391434,3408,283.03,Internal
2025-12-07 10:51:51.391434,2002,476.39,Internal
2025-12-02 02:26:55.391434,16,476.43,Internal
2025-12-04 16:09:13.391434,486,490.27,Internal
2025-12-18 11:32:49.391434,3311,0.0,Internal
2025-12-28 17:59:31.391434,3593,216.01,Internal
2025-12-26 17:37:32.391434,3488,0.0,Internal
2025-12-02 14:15:25.391434,2861,478.25,Internal
2025-12-23 22:47:04.391434,3439,214.01,Internal
2025-12-15 14:04:24.391434,2220,480.52,Emergency
2025-12-26 19:11:05.391434,2532,496.48,Internal
2025-12-10 00:17:04.391434,3598,0.0,Internal
2025-12-20 20:31:51.391434,400,485.87,International
2025-11-29 21:04:31.391434,3491,141.31,International
2025-12-21 23:07:00.391434,3340,436.35,International
2025-12-23 16:55:44.391434,3342,164.33,International
2025-12-22 00:47:47.391434,3462,468.99,Internal
2025-12-27 20:43:16.391434,3399,265.15,Internal
2025-12-20 18:54:42.391434,1968,461.76,Internal
2025-12-27 02:53:55.391434,2577,466.37,Internal
2025-12-01 15:00:19.391434,3473,269.24,Internal
2025-12-02 12:40:05.391434,349,456.64,Internal
2025-12-20 18:28:06.391434,2772,476.75,Internal
2025-12-23 15:23:31.391434,3506,81.2,International
2025-12-18 03:58:09.391434,3438,8.31,Internal
2025-12-15 01:20:12.391434,3319,125.49,International
2025-12-03 03:16:17.391434,1906,476.65,International
2025-11-29 07:41:40.391434,3441,304.11,International
2025-12-28 23:11:45.391434,3435,0.0,Internal
2025-12-22 16:16:32.391434,3397,73.05,Internal
2025-12-03 00:48:57.391434,3442,316.5,Roaming
2025-12-16 11:23:03.391434,3585,316.48,International
2025-12-20 07:34:11.391434,3460,148.76,International
2025-12-02 11:26:16.391434,2244,482.88,Internal
2025-12-08 08:30:17.391434,3385,445.69,Internal
2025-12-16 00:29:36.391434,3504,0.0,Internal
2025-12-11 20:10:16.391434,3168,460.5,Internal
2025-12-27 10:53:40.391434,3429,0.0,Internal
2025-12-04 21:28:52.391434,1108,462.29,International
2025-12-14 14:27:16.391434,155,495.56,Internal
2025-12-15 21:59:13.391434,3366,338.74,Internal
2025-12-19 10:10:00.391434,3391,250.03,Emergency
2025-12-04 18:24:04.391434,3347,495.11,Internal
2025-12-16 09:14:31.391434,3342,0.0,Internal
2025-12-28 16:03:10.391434,3406,328.02,Internal
2025-12-08 01:34:05.391434,3382,0.0,Internal
2025-12-03 08:08:53.391434,3474,0.0,Internal
2025-12-24 10:38:23.391434,245,450.35,Internal
2025-12-08 10:58:48.391434,3496,47.07,Internal
2025-11-29 04:38:00.391434,3444,115.5,Emergency
2025-12-19 13:51:21.391434,3500,0.0,International
2025-12-13 10:48:33.391434,3526,329.61,Internal
2025-12-20 18:58:47.391434,2745,490.56,International
2025-11-28 22:28:52.391434,3490,0.0,Internal
2025-12-23 23:15:29.391434,3353,99.94,Internal
2025-12-27 06:36:26.391434,3500,0.0,Internal
2025-12-16 21:10:06.391434,136,475.44,International
2025-12-08 19:50:06.391434,1075,466.63,Internal
2025-12-05 13:16:06.391434,3303,0.0,Emergency
2025-12-16 03:35:39.391434,2310,458.45,Internal
2025-12-04 03:03:10.391434,3570,199.45,Internal
2025-11-29 12:40:19.391434,372,495.91,Emergency
2025-12-20 09:56:38.391434,2773,476.09,Internal
2025-12-04 08:25:59.391434,3303,438.61,International
2025-12-24 20:47:10.391434,3335,0.0,Internal
2025-12-06 00:21:05.391434,1628,476.66,Internal
2025-12-22 08:30:23.391434,1642,492.28,Internal
2025-12-19 18:38:41.391434,2648,465.15,Roaming
2025-12-21 10:34:07.391434,3540,223.65,Internal
2025-12-11 05:33:52.391434,438,464.02,Internal
2025-12-01 07:13:04.391434,3311,0.0,International
2025-12-27 03:47:53.391434,3559,65.51,Internal
2025-12-28 19:29:53.391434,831,456.26,Roaming
2025-12-20 03:21:21.391434,3403,0.0,International
2025-12-07 00:06:25.391434,473,471.84,International
2025-12-29 02:13:09.391434,116,482.18,Internal
2025-12-15 10:07:17.391434,3501,295.67,International
2025-12-02 04:11:48.391434,731,450.98,Internal
2025-12-02 23:51:35.391434,793,492.58,Internal
2025-12-19 14:50:19.391434,2660,456.53,Internal
2025-12-28 19:39:35.391434,2996,477.81,Internal
2025-12-03 15:10:43.391434,3302,0.0,Internal
2025-12-08 21:46:39.391434,460,489.03,Roaming
2025-12-02 23:01:46.391434,3377,65.53,Internal
2025-12-01 17:12:19.391434,3473,0.0,International
2025-12-01 11:54:14.391434,3583,465.54,Emergency
2025-12-18 00:44:52.391434,865,459.05,International
2025-12-05 10:46:12.391434,3339,276.15,Internal
2025-11-29 11:18:34.391434,3533,0.0,International
2025-12-11 00:56:10.391434,3202,478.05,Emergency
2025-12-16 07:16:32.391434,3533,201.39,Internal
2025-12-06 15:43:31.391434,3530,48.67,Internal
2025-11-30 02:40:11.391434,832,478.33,Internal
2025-12-23 15:30:41.391434,520,451.62,International
2025-12-03 07:26:55.391434,3385,0.0,Internal
2025-12-20 08:51:32.391434,1907,474.39,Internal
2025-11-29 14:50:49.391434,3322,282.97,Internal
2025-12-05 06:46:54.391434,2931,497.81,Internal
2025-12-01 16:18:07.391434,3460,84.11,Internal
2025-12-28 06:47:46.391434,3012,477.95,International
2025-12-08 10:38:44.391434,3569,134.86,International
2025-12-12 16:02:55.391434,3310,426.55,International
2025-12-20 07:36:27.391434,3480,0.0,International
2025-12-19 08:18:08.391434,795,455.06,International
2025-12-01 23:18:08.391434,3557,231.47,International
2025-12-15 07:04:43.391434,3503,285.95,Internal
2025-11-29 22:10:54.391434,2231,488.24,Internal
2025-12-14 02:13:45.391434,620,492.37,Roaming
2025-12-04 02:37:09.391434,3359,76.53,Roaming
2025-12-08 09:03:16.391434,3436,445.88,Internal
2025-12-25 21:52:47.391434,3447,322.14,International
2025-11-30 09:31:44.391434,3344,356.43,Internal
2025-12-03 01:08:29.391434,3410,37.98,Internal
2025-12-20 08:16:23.391434,1997,460.64,Internal
2025-11-30 22:08:11.391434,2608,473.48,Internal
2025-11-29 03:43:13.391434,3362,78.75,International
2025-12-21 21:11:36.391434,3329,427.04,Internal
2025-12-21 12:27:06.391434,1746,472.41,Internal
2025-12-08 19:51:20.391434,2804,456.44,Emergency
2025-12-12 13:45:37.391434,2739,459.05,Emergency
2025-12-02 09:07:41.391434,3373,231.27,International
2025-12-20 16:32:30.391434,3543,424.21,International
2025-11-30 03:14:07.391434,2585,460.81,Internal
2025-12-08 20:52:43.391434,531,480.84,Internal
2025-12-03 18:41:45.391434,1498,453.05,Emergency
2025-12-26 23:00:52.391434,3563,117.61,Internal
2025-12-22 02:45:11.391434,3420,214.85,International
2025-12-24 20:36:44.391434,3546,270.94,Internal
2025-12-23 00:36:11.391434,3380,481.95,Internal
2025-12-16 07:23:36.391434,3412,0.0,Internal
2025-12-24 04:32:36.391434,3379,0.0,Internal
2025-12-10 23:32:04.391434,3562,0.0,Internal
2025-12-26 14:37:03.391434,2653,479.97,Internal
2025-11-29 01:18:58.391434,3569,381.63,Internal
2025-12-25 12:15:19.391434,81,495.53,Internal
2025-12-10 14:34:27.391434,1244,486.69,Internal
2025-12-22 12:59:49.391434,3384,28.1,Internal
2025-12-23 21:25:14.391434,1194,472.47,Internal
2025-12-01 11:14:47.391434,1307,466.12,Roaming
2025-12-08 22:38:15.391434,2519,496.75,Internal
2025-12-12 18:41:51.391434,3527,308.54,Emergency
2025-12-16 23:31:52.391434,2221,479.33,International
2025-12-18 15:27:13.391434,3373,393.5,International
2025-12-14 13:43:32.391434,2171,465.58,Internal
2025-12-22 22:52:52.391434,2916,465.05,International
2025-11-30 09:20:59.391434,287,496.12,International
2025-12-12 13:58:20.391434,3361,0.0,International
2025-12-14 19:41:51.391434,3491,77.53,Internal
2025-12-08 22:46:00.391434,78,468.58,Internal
2025-12-11 17:41:56.391434,1234,466.3,Emergency
2025-12-20 10:07:37.391434,2223,457.03,Internal
2025-12-26 08:03:06.391434,3481,184.34,Internal
2025-12-19 09:54:31.391434,1052,463.27,Internal
2025-12-13 19:38:50.391434,1978,468.36,Internal
2025-12-06 23:11:07.391434,565,454.63,Internal
2025-12-09 20:34:09.391434,1964,482.32,Internal
2025-12-15 19:43:14.391434,3337,98.59,Internal
2025-12-02 23:59:14.391434,3191,481.72,Internal
2025-12-24 07:11:57.391434,3433,251.35,International
2025-12-07 22:52:52.391434,3307,178.23,Internal
2025-12-19 00:28:52.391434,2990,496.04,Internal
2025-12-01 06:28:48.391434,2129,461.59,International
2025-12-12 05:54:20.391434,3437,0.0,Internal
2025-12-13 19:55:14.391434,3436,198.43,Internal
2025-12-27 05:14:38.391434,3501,22.09,Internal
2025-12-05 20:26:23.391434,190,459.79,Internal
2025-12-06 21:06:04.391434,3369,24.48,Internal
2025-12-02 21:49:20.391434,392,479.19,Internal
2025-12-03 23:40:25.391434,3369,0.0,Roaming
2025-12-03 22:11:27.391434,3460,424.03,Internal
2025-12-25 12:02:28.391434,3310,100.25,International
2025-12-26 16:44:35.391434,2755,462.51,Internal
2025-12-23 05:26:20.391434,3506,0.0,Internal
2025-12-18 12:57:49.391434,3434,0.0,International
2025-12-23 00:42:36.391434,1467,497.72,Internal
2025-12-06 17:33:08.391434,1595,488.75,International
2025-12-18 05:12:40.391434,844,477.76,International
2025-12-27 07:09:35.391434,3417,0.0,Internal
2025-12-21 07:42:01.391434,3594,257.34,International
2025-11-29 02:20:10.391434,2370,493.07,Emergency
2025-12-04 06:07:06.391434,1534,485.27,Internal
2025-12-17 20:32:11.391434,3382,307.34,Internal
2025-12-07 23:43:57.391434,3562,0.0,Internal
2025-12-02 12:03:35.391434,3326,387.51,Emergency
2025-12-03 03:06:47.391434,3378,405.85,Internal
2025-12-05 19:20:24.391434,3587,0.0,Internal
2025-12-15 18:24:25.391434,3378,480.47,Internal
2025-12-20 11:30:33.391434,3253,459.53,International
2025-12-01 12:32:45.391434,3351,93.45,Internal
2025-12-08 11:13:28.391434,1973,467.11,Internal
2025-12-25 09:02:00.391434,3491,336.06,Internal
2025-12-09 06:56:52.391434,3566,177.14,Internal
2025-12-26 16:30:47.391434,2210,458.71,International
2025-12-11 11:02:07.391434,3547,0.0,International
2025-12-02 09:09:14.391434,826,496.48,International
2025-12-17 10:52:20.391434,335,469.68,Internal
2025-12-27 11:51:46.391434,1008,472.78,International
2025-12-23 07:12:00.391434,3327,454.33,Internal
2025-12-25 09:09:37.391434,3154,456.79,Internal
2025-12-21 12:02:55.391434,3595,87.09,International
2025-12-12 17:03:13.391434,3571,317.85,Internal
2025-12-25 00:56:20.391434,3182,463.03,Internal
2025-12-04 23:44:48.391434,3422,329.75,Internal
2025-12-02 03:21:30.391434,1471,490.53,International
2025-12-06 09:26:53.391434,3341,135.09,Roaming
2025-12-19 21:26:46.391434,254,472.33,Internal
2025-12-23 01:23:35.391434,3304,213.92,Internal
2025-12-07 17:24:04.391434,393,486.25,Internal
2025-12-05 13:18:23.391434,3042,494.39,International
2025-12-23 06:43:39.391434,1357,452.77,Internal
2025-12-14 20:47:02.391434,3548,0.0,Internal
2025-12-03 04:00:59.391434,2378,450.33,Internal
2025-12-20 19:44:46.391434,3309,44.62,Internal
2025-12-16 22:28:40.391434,998,499.66,Internal
2025-12-19 00:49:53.391434,3403,280.29,Internal
2025-12-04 20:34:08.391434,3582,404.01,Internal
2025-12-01 14:03:43.391434,3445,373.52,Internal
2025-12-10 12:47:34.391434,3033,452.88,Internal
2025-11-28 10:44:18.391434,3211,451.35,International
2025-12-02 02:03:13.391434,3571,116.89,International
2025-12-16 05:28:40.391434,1691,458.03,International
2025-12-05 07:55:49.391434,3493,0.0,Internal
2025-12-04 04:21:52.391434,1266,472.03,Internal
2025-12-15 06:09:26.391434,85,481.54,International
2025-12-24 10:59:57.391434,2601,478.51,Internal
2025-12-17 21:24:41.391434,3423,302.0,Internal
2025-12-28 09:41:12.391434,3548,273.06,International
2025-12-15 14:00:33.391434,1808,496.07,Internal
2025-12-02 07:07:19.391434,3501,54.42,International
2025-12-21 08:38:14.391434,1260,473.71,International
2025-12-24 01:17:18.391434,3549,0.0,International
2025-12-10 06:13:34.391434,1768,467.82,Emergency
2025-12-23 01:34:06.391434,3452,202.03,International
2025-12-17 19:42:27.391434,1860,495.6,Emergency
2025-12-02 19:21:30.391434,3363,0.0,Internal
2025-12-04 00:08:46.391434,2593,452.89,Emergency
2025-12-16 11:44:02.391434,3390,0.0,Internal
2025-12-24 16:32:48.391434,3487,0.0,International
2025-12-29 04:16:15.391434,2061,484.94,International
2025-12-13 11:05:29.391434,1205,479.05,Internal
2025-12-02 08:15:08.391434,3479,0.0,Internal
2025-12-11 03:30:43.391434,3503,90.42,Internal
2025-12-16 01:37:19.391434,3404,53.33,International
2025-12-09 17:55:39.391434,544,451.61,Internal
2025-12-02 18:51:52.391434,3568,0.0,Internal
2025-12-19 12:18:37.391434,3410,423.58,Internal
2025-12-01 17:14:27.391434,1975,463.71,Emergency
2025-12-17 07:02:30.391434,3479,0.0,Internal
2025-12-12 01:16:03.391434,2992,483.5,Internal
2025-12-08 20:19:43.391434,3501,0.0,Internal
2025-12-19 11:54:48.391434,2136,458.48,Emergency
2025-12-18 18:52:30.391434,2362,457.12,International
2025-12-06 07:51:09.391434,3502,0.0,International
2025-12-07 13:02:44.391434,1042,493.17,Internal
2025-12-06 11:39:17.391434,3573,91.03,Internal
2025-12-08 10:35:07.391434,3408,498.09,Internal
2025-12-25 05:17:34.391434,3552,262.95,Internal
2025-12-09 23:23:21.391434,1099,465.1,Internal
2025-12-15 07:51:56.391434,3320,269.75,Internal
2025-12-19 01:29:11.391434,3569,151.29,Internal
2025-12-09 14:56:28.391434,3510,78.28,Roaming
2025-12-02 10:38:22.391434,3360,0.0,Internal
2025-12-07 14:24:12.391434,3597,490.7,International
2025-12-25 16:47:03.391434,38,495.57,Internal
2025-12-10 01:51:55.391434,280,466.62,Internal
2025-12-12 06:40:46.391434,261,492.8,International
2025-12-06 10:18:39.391434,1769,453.06,Emergency
2025-12-05 08:55:45.391434,3441,381.28,Internal
2025-12-13 20:15:00.391434,3144,495.36,Internal
2025-12-06 16:54:22.391434,3351,284.44,International
2025-12-23 09:09:39.391434,3328,306.92,International
2025-12-10 05:40:04.391434,3400,437.59,International
2025-12-10 20:10:41.391434,2749,451.67,Internal
2025-12-27 05:01:12.391434,909,464.9,Internal
2025-12-23 01:14:47.391434,3598,474.43,International
2025-11-28 14:38:50.391434,3534,459.59,International
2025-11-28 14:42:22.391434,1046,483.17,Internal
2025-12-09 03:42:13.391434,3593,235.11,Internal
2025-12-06 02:02:26.391434,3591,239.57,Internal
2025-12-20 17:57:28.391434,3336,0.0,International
2025-12-13 09:02:50.391434,3472,392.98,Internal
2025-12-13 09:11:05.391434,1951,468.5,Internal
2025-12-28 22:55:21.391434,1773,474.13,International
2025-12-24 04:31:46.391434,3545,179.49,International
2025-12-03 07:11:24.391434,2673,453.47,Internal
2025-12-14 17:53:20.391434,3370,0.0,Internal
2025-12-11 07:00:34.391434,3540,454.12,Internal
2025-12-26 05:47:30.391434,3292,495.22,Emergency
2025-12-06 03:19:06.391434,3372,172.52,Internal
2025-12-13 14:20:40.391434,1201,474.72,Internal
2025-12-18 23:50:09.391434,3383,0.0,Internal
2025-12-23 17:45:03.391434,3341,376.14,Internal
2025-12-14 14:09:01.391434,3576,162.39,International
2025-12-20 11:41:52.391434,3312,72.23,Roaming
2025-12-24 01:04:38.391434,3580,0.0,Internal
2025-12-22 11:15:13.391434,2771,461.13,International
2025-12-03 17:55:26.391434,3395,87.81,Emergency
2025-12-07 11:03:10.391434,80,475.85,Roaming
2025-12-11 15:00:00.391434,3540,0.0,Internal
2025-12-03 21:44:05.391434,3540,0.0,Internal
2025-12-24 08:34:28.391434,3478,0.0,Internal
2025-12-26 12:48:22.391434,2464,454.72,International
2025-12-06 01:16:17.391434,3573,47.78,Roaming
2025-12-24 14:53:02.391434,1121,465.5,International
2025-12-12 03:43:59.391434,2277,483.9,Internal
2025-12-08 04:01:13.391434,3325,171.58,Internal
2025-12-12 09:25:39.391434,823,473.58,Roaming
2025-12-23 00:11:53.391434,3447,331.59,Emergency
2025-12-06 23:21:58.391434,2564,496.98,Internal
2025-12-14 17:19:40.391434,764,459.81,Internal
2025-12-11 07:07:41.391434,3353,0.0,Internal
2025-12-20 20:27:18.391434,3449,0.0,Internal
2025-12-01 00:51:52.391434,162,470.94,Internal
2025-12-27 05:26:51.391434,3164,498.18,International
2025-12-23 16:20:48.391434,3530,108.26,Internal
2025-12-06 22:17:04.391434,2148,490.67,Internal
2025-12-05 05:52:34.391434,3553,0.0,Internal
2025-12-17 00:42:20.391434,2424,475.58,International
2025-12-16 13:09:08.391434,652,487.22,Internal
2025-12-08 16:45:35.391434,2827,492.95,International
2025-12-14 16:52:07.391434,3572,0.0,International
2025-12-03 10:19:55.391434,661,489.47,International
2025-12-08 13:21:17.391434,3335,0.0,Internal
2025-12-17 05:44:26.391434,3355,468.38,International
2025-12-07 17:03:01.391434,3423,75.42,Internal
2025-12-20 14:04:24.391434,1791,498.17,Internal
2025-12-08 06:30:25.391434,3265,493.81,Internal
2025-12-21 07:10:21.391434,3506,365.87,Internal
2025-12-05 05:55:52.391434,2890,456.83,Roaming
2025-12-15 21:45:24.391434,3398,146.69,Internal
2025-12-26 13:46:26.391434,1154,479.07,Internal
2025-12-12 03:51:31.391434,3530,18.6,Internal
2025-12-25 14:48:43.391434,3546,0.0,Internal
2025-12-27 16:53:03.391434,1112,475.2,Internal
2025-12-08 09:07:14.391434,3362,60.41,Internal
2025-12-08 21:48:19.391434,2824,450.67,Internal
2025-12-19 17:20:56.391434,3485,60.1,International
2025-12-24 11:42:12.391434,2725,475.4,International
2025-12-26 04:14:40.391434,3376,310.32,Internal
2025-12-19 00:01:06.391434,3550,0.0,Internal
2025-12-24 16:35:51.391434,2799,485.35,Internal
2025-12-20 04:53:05.391434,2318,471.64,Internal
2025-12-23 16:44:25.391434,1572,474.74,Internal
2025-12-16 00:13:45.391434,3115,479.17,Internal
2025-12-07 10:54:35.391434,3040,477.77,Internal
2025-12-25 12:06:00.391434,649,495.39,Internal
2025-12-19 01:54:10.391434,3375,157.25,Internal
2025-12-11 08:29:28.391434,3351,234.43,Internal
2025-12-11 21:29:59.391434,3363,372.55,Internal
2025-12-25 19:17:02.391434,432,462.26,International
2025-12-23 01:18:17.391434,3095,453.61,International
2025-12-08 09:58:33.391434,3395,336.34,International
2025-12-02 03:45:20.391434,1925,492.64,International
2025-11-30 07:25:11.391434,1429,499.12,International
2025-11-28 15:35:22.391434,566,497.43,Internal
2025-12-27 03:45:59.391434,3426,429.76,International
2025-12-02 02:51:22.391434,1962,453.69,International
2025-12-15 00:55:40.391434,3565,138.18,International
2025-11-30 05:28:03.391434,141,456.06,Internal
2025-12-23 00:27:54.391434,1201,479.49,Internal
2025-12-01 18:43:12.391434,1218,478.87,Roaming
2025-12-17 04:36:52.391434,3579,427.27,Roaming
2025-12-25 19:55:45.391434,685,499.98,Internal
2025-12-20 18:37:50.391434,3432,202.17,Internal
2025-12-12 16:48:16.391434,3324,0.0,International
2025-12-25 09:23:22.391434,3456,331.19,International
2025-12-27 16:31:53.391434,3429,126.55,Internal
2025-12-15 06:36:30.391434,77,472.2,International
2025-12-02 10:34:30.391434,3571,406.9,Internal
2025-12-01 09:48:20.391434,122,454.39,International
2025-12-24 05:18:39.391434,2960,450.55,Internal
2025-12-25 18:33:38.391434,220,462.16,Internal
2025-12-28 11:27:03.391434,3434,405.18,Internal
2025-12-05 07:27:06.391434,3489,396.12,International
2025-12-14 19:12:56.391434,3587,367.69,Internal
2025-12-22 08:44:07.391434,3594,90.93,International
2025-12-21 07:03:00.391434,849,470.26,Internal
2025-12-14 23:23:35.391434,45,459.21,International
2025-12-03 23:45:08.391434,1264,460.6,Internal
2025-12-16 19:39:26.391434,3599,0.0,International
2025-11-28 14:56:44.391434,3416,70.45,Internal
2025-12-28 11:25:30.391434,663,463.75,Internal
2025-12-03 23:57:05.391434,3588,250.51,International
2025-12-28 07:40:13.391434,3490,0.0,Roaming
2025-12-25 16:26:05.391434,1376,465.47,Internal
2025-12-18 15:30:15.391434,2696,463.82,Internal
2025-12-21 15:09:01.391434,3512,18.04,International
2025-12-25 13:39:30.391434,411,470.52,Internal
2025-12-13 10:43:32.391434,3383,295.6,International
2025-12-18 20:53:26.391434,3170,496.85,Internal
2025-12-22 19:00:16.391434,3440,249.47,Internal
2025-12-28 07:10:41.391434,3328,296.05,Internal
2025-11-28 19:21:32.391434,3346,59.89,Internal
2025-11-28 17:49:42.391434,3400,278.24,International
2025-12-23 05:57:35.391434,3526,0.0,International
2025-12-18 17:38:35.391434,3332,194.54,Roaming
2025-12-15 22:28:17.391434,3572,173.78,Emergency
2025-11-30 10:05:41.391434,3557,414.77,International
2025-11-30 01:07:28.391434,683,491.96,Emergency
2025-12-24 00:24:11.391434,274,485.99,International
2025-12-11 04:11:39.391434,1585,461.6,Internal
2025-12-13 17:10:33.391434,2270,464.3,International
2025-12-09 09:37:41.391434,196,490.47,Internal
2025-12-26 04:32:31.391434,3028,463.37,Internal
2025-12-17 09:54:41.391434,2806,474.65,Internal
2025-12-25 02:35:24.391434,3424,337.75,Roaming
2025-12-20 23:59:54.391434,3458,0.0,International
2025-12-05 07:56:43.391434,1662,484.84,International
2025-12-04 07:20:48.391434,3579,80.19,Internal
2025-12-14 12:49:17.391434,3440,421.09,Internal
2025-12-09 01:06:40.391434,3392,431.5,International
2025-12-14 13:07:41.391434,2830,495.88,International
2025-12-06 04:12:39.391434,1921,498.98,Internal
2025-12-28 01:02:01.391434,2337,471.56,International
2025-12-23 17:37:20.391434,3339,418.58,Internal
2025-12-07 18:52:28.391434,3507,0.0,Internal
2025-12-27 09:19:38.391434,3374,332.46,Internal
2025-12-15 11:13:00.391434,103,499.18,Internal
2025-12-25 17:35:44.391434,3400,346.42,Internal
2025-12-22 12:18:53.391434,3332,348.85,Internal
2025-12-07 03:29:30.391434,3535,0.0,Internal
2025-12-21 10:37:05.391434,3316,360.91,Internal
2025-12-15 23:35:33.391434,3574,184.76,Internal
2025-12-11 17:43:50.391434,3435,199.18,Emergency
2025-12-29 00:25:41.391434,498,452.53,Roaming
2025-12-21 21:51:24.391434,340,468.04,Internal
2025-12-22 17:50:05.391434,3495,0.0,Internal
2025-11-29 21:44:53.391434,1254,494.55,Internal
2025-12-11 20:41:28.391434,1604,498.58,Internal
2025-12-29 02:13:27.391434,3428,298.33,Internal
2025-12-22 16:55:28.391434,3392,370.33,Emergency
2025-12-26 22:19:19.391434,3327,131.3,Internal
2025-12-20 01:50:19.391434,643,482.4,International
2025-11-29 19:04:22.391434,3364,59.77,Internal
2025-12-13 04:01:42.391434,3546,108.24,Internal
2025-12-17 07:51:48.391434,2183,452.35,International
2025-12-02 13:28:26.391434,3362,37.48,Internal
2025-12-01 18:40:21.391434,2316,475.45,International
2025-12-13 13:56:10.391434,2597,480.33,International
2025-12-25 22:25:16.391434,3544,115.25,Internal
2025-12-22 05:20:01.391434,2638,491.57,International
2025-12-11 20:26:47.391434,1653,492.81,International
2025-12-26 11:56:04.391434,2491,464.87,Internal
2025-12-25 17:47:50.391434,3584,64.46,Internal
2025-12-11 16:58:50.391434,3416,183.1,Internal
2025-11-30 15:46:34.391434,3569,263.95,International
2025-12-02 07:40:10.391434,2387,496.64,Internal
2025-12-09 19:10:41.391434,2318,486.59,Internal
2025-12-03 05:48:44.391434,3454,123.32,International
2025-12-03 00:16:22.391434,677,491.42,Internal
2025-12-15 15:25:14.391434,3373,357.41,International
2025-12-07 02:31:11.391434,3517,376.94,Internal
2025-12-07 22:25:01.391434,3424,0.0,International
2025-12-20 16:06:01.391434,1503,470.05,International
2025-12-26 00:55:33.391434,3451,95.26,Internal
2025-12-03 01:16:13.391434,2595,463.54,Internal
2025-12-25 05:30:54.391434,3463,432.93,Internal
2025-12-18 01:41:59.391434,2859,496.83,International
2025-12-17 05:36:38.391434,3450,191.7,Emergency
2025-12-04 23:55:49.391434,3457,440.53,Internal
2025-12-14 00:09:52.391434,929,462.89,Internal
2025-12-26 11:33:02.391434,785,477.28,Internal
2025-12-15 15:40:40.391434,3395,0.0,Internal
2025-12-24 03:24:37.391434,3102,457.28,Internal
2025-12-09 05:30:18.391434,760,479.41,Internal
2025-12-13 23:39:03.391434,3426,430.67,Internal
2025-12-07 01:38:04.391434,2008,493.96,Roaming
2025-12-10 19:13:19.391434,1788,460.55,Internal
2025-11-29 02:54:28.391434,3585,0.0,Internal
2025-12-05 01:58:46.391434,3523,75.97,Internal
2025-12-04 11:58:01.391434,210,472.95,Internal
2025-12-15 15:17:10.391434,2096,486.19,Roaming
2025-12-15 03:24:59.391434,3303,192.24,Internal
2025-12-18 13:13:40.391434,3523,0.0,Internal
2025-12-11 19:14:01.391434,3573,378.19,Emergency
2025-12-09 07:29:16.391434,3476,79.15,International
2025-12-26 05:15:58.391434,3541,0.0,Internal
2025-12-28 18:41:51.391434,3358,0.0,Internal
2025-12-16 11:24:07.391434,3350,0.0,International
2025-12-17 11:37:27.391434,3311,223.16,International
2025-12-01 08:40:49.391434,3571,137.93,Internal
2025-12-23 00:31:53.391434,758,473.49,Internal
2025-12-27 13:09:04.391434,2317,488.68,Internal
2025-12-13 11:59:39.391434,3469,0.0,Internal
2025-12-27 23:36:12.391434,812,463.49,Internal
2025-12-27 14:08:34.391434,3011,496.52,Internal
2025-12-24 06:01:36.391434,299,466.2,International
2025-12-28 11:23:16.391434,2901,489.67,Internal
2025-11-29 01:58:03.391434,2431,461.56,Internal
2025-12-25 12:39:47.391434,3482,335.69,Internal
2025-12-27 20:06:41.391434,1991,450.17,International
2025-12-12 23:18:05.391434,3562,0.0,International
2025-12-13 22:10:11.391434,3435,0.0,Internal
2025-12-05 22:17:20.391434,772,499.02,Internal
2025-12-05 19:09:08.391434,1358,487.03,International
2025-12-09 03:48:13.391434,3396,0.0,Internal
2025-12-27 05:41:25.391434,977,467.07,Internal
2025-12-19 08:58:40.391434,3354,184.41,International
2025-12-06 10:20:42.391434,3598,81.45,Internal
2025-11-30 10:07:22.391434,3558,167.84,Internal
2025-12-19 00:39:31.391434,3430,438.12,International
2025-12-15 10:42:51.391434,3308,17.73,Internal
2025-12-16 16:27:01.391434,3521,304.08,Internal
2025-12-21 01:47:30.391434,840,453.92,International
2025-12-27 08:01:15.391434,1207,475.16,Internal
2025-12-13 19:24:03.391434,3426,250.02,Internal
2025-12-27 14:53:00.391434,3303,426.21,Internal
2025-11-30 09:27:10.391434,3494,78.96,International
2025-12-19 14:09:55.391434,3312,0.0,International
2025-12-11 10:32:26.391434,3357,270.42,Internal
2025-11-29 07:39:37.391434,3419,31.87,Roaming
2025-11-29 03:08:10.391434,2109,477.11,Internal
2025-12-10 08:28:56.391434,2427,492.83,Internal
2025-12-06 23:09:01.391434,2329,484.51,Internal
2025-12-24 11:39:55.391434,1515,483.98,International
2025-12-10 18:58:31.391434,3168,462.55,Roaming
2025-11-30 18:33:15.391434,2391,486.1,Internal
2025-12-08 02:59:18.391434,3467,218.96,Internal
2025-12-18 10:42:12.391434,3306,168.47,International
2025-11-30 14:40:22.391434,3522,371.24,International
2025-12-06 00:39:05.391434,3588,279.7,Internal
2025-12-18 13:44:40.391434,3364,274.22,Internal
2025-12-17 01:16:13.391434,462,495.75,International
2025-12-05 00:56:09.391434,3591,417.08,International
2025-12-23 21:54:04.391434,3558,0.0,Internal
2025-12-05 08:32:14.391434,3430,0.0,Internal
2025-12-28 22:46:38.391434,3306,17.81,International
2025-12-27 12:12:44.391434,546,481.89,International
2025-12-02 02:43:35.391434,3488,0.0,International
2025-12-23 14:41:35.391434,3582,9.49,Emergency
2025-12-22 09:42:31.391434,2025,470.67,Internal
2025-12-15 11:43:49.391434,3316,0.0,Internal
2025-12-14 20:18:04.391434,1863,466.55,International
2025-12-13 16:17:52.391434,3137,460.42,Emergency
2025-12-10 23:12:55.391434,3447,42.62,International
2025-12-12 05:52:59.391434,1063,483.89,Internal
2025-12-17 10:25:31.391434,3564,0.0,Internal
2025-12-09 12:57:36.391434,1662,462.55,International
2025-12-07 10:06:33.391434,3356,27.53,International
2025-12-08 23:42:29.391434,1509,467.97,International
2025-11-29 16:03:42.391434,723,462.33,Internal
2025-12-18 11:17:33.391434,3416,103.15,Internal
2025-12-24 06:28:32.391434,3378,302.98,International
2025-12-16 01:41:02.391434,1660,495.93,International
2025-12-12 05:02:44.391434,3358,274.05,Internal
2025-12-16 23:32:02.391434,3426,341.23,International
2025-12-02 11:57:56.391434,3381,319.45,Internal
2025-12-02 08:48:49.391434,1197,482.35,Emergency
2025-12-15 04:21:22.391434,1139,470.84,International
2025-12-27 06:48:37.391434,3460,416.57,Internal
2025-12-21 13:07:55.391434,3348,307.74,Internal
2025-12-24 15:43:10.391434,3368,309.15,Internal
2025-12-09 12:54:14.391434,3107,464.59,Internal
2025-12-20 06:09:30.391434,3518,302.18,Internal
2025-12-18 08:13:04.391434,2719,480.31,International
2025-12-21 18:57:30.391434,3398,0.0,Emergency
2025-12-25 02:16:03.391434,1016,480.37,Internal
2025-12-16 20:05:02.391434,3391,0.0,Internal
2025-12-28 19:53:48.391434,1925,456.82,International
2025-12-25 20:19:39.391434,3437,256.98,International
2025-12-25 06:44:49.391434,3485,171.72,Internal
2025-12-06 03:33:34.391434,2422,473.49,Internal
2025-12-15 01:06:03.391434,814,482.67,Internal
2025-12-16 05:36:46.391434,2853,482.3,Internal
2025-12-16 04:28:41.391434,3306,48.31,Emergency
2025-12-14 11:06:06.391434,332,455.84,Internal
2025-12-29 01:44:53.391434,3570,0.0,Roaming
2025-12-15 00:29:19.391434,2948,450.6,Internal
2025-12-21 01:45:01.391434,2765,497.95,Internal
2025-12-13 02:20:19.391434,3439,0.0,International
2025-12-20 21:41:22.391434,2040,493.36,International
2025-12-15 11:09:11.391434,3561,0.0,Internal
2025-12-23 17:08:22.391434,3326,0.0,International
2025-12-22 11:22:03.391434,3455,164.73,Internal
2025-12-27 17:07:37.391434,3303,77.94,Internal
2025-12-08 09:58:33.391434,3156,467.76,Internal
2025-12-05 17:02:04.391434,3111,486.83,Internal
2025-12-01 17:47:15.391434,1429,453.99,Internal
2025-12-22 04:35:22.391434,3410,75.07,Internal
2025-12-10 05:41:43.391434,3567,493.31,International
2025-12-01 18:34:09.391434,3345,491.41,International
2025-12-04 20:08:13.391434,3575,78.58,International
2025-11-29 08:26:16.391434,3369,303.09,International
2025-12-04 05:36:58.391434,3499,46.64,Internal
2025-12-15 02:51:40.391434,3516,363.51,Internal
2025-12-26 22:19:49.391434,15,455.57,Internal
2025-12-08 10:53:37.391434,1977,493.98,Internal
2025-12-11 07:59:29.391434,3404,180.25,Internal
2025-12-27 01:36:30.391434,3455,0.0,Internal
2025-12-23 13:14:43.391434,3391,445.75,Internal
2025-12-03 13:24:27.391434,3533,0.0,Roaming
2025-12-17 01:07:01.391434,3546,126.01,International
2025-12-04 12:32:08.391434,3469,267.18,Emergency
2025-12-16 06:05:54.391434,2458,480.77,Internal
2025-12-08 23:33:50.391434,3354,319.25,Internal
2025-12-11 19:10:16.391434,3197,475.78,International
2025-12-18 17:47:24.391434,310,456.11,International
2025-12-26 22:17:16.391434,47,472.18,International
2025-12-15 01:57:25.391434,242,466.94,Internal
2025-12-15 18:32:19.391434,3374,378.92,International
2025-12-18 07:11:41.391434,2542,467.38,Internal
2025-12-15 05:31:40.391434,3588,432.89,Roaming
2025-12-11 11:51:07.391434,3536,0.0,Internal
2025-12-23 00:45:02.391434,3407,9.84,Internal
2025-12-27 13:27:47.391434,3486,0.0,Internal
2025-11-30 22:16:59.391434,3122,480.08,International
2025-12-19 03:58:49.391434,3354,0.0,Internal
2025-12-07 04:03:26.391434,3403,340.73,Internal
2025-12-04 01:00:04.391434,2777,465.63,International
2025-12-27 09:10:06.391434,3585,0.0,Internal
2025-12-26 04:10:35.391434,3117,468.4,Internal
2025-12-12 08:10:54.391434,3388,0.0,Internal
2025-12-21 08:21:47.391434,3191,457.8,International
2025-12-10 23:32:58.391434,2763,463.11,International
2025-12-25 07:28:27.391434,523,479.41,Internal
2025-12-06 16:46:09.391434,571,480.0,International
2025-12-07 00:13:54.391434,3480,354.48,Emergency
2025-12-02 05:06:54.391434,3300,487.37,Internal
2025-12-06 21:42:19.391434,1046,485.4,Internal
2025-12-15 21:24:39.391434,784,472.03,Internal
2025-12-05 16:51:54.391434,3475,26.23,Internal
2025-12-05 14:06:34.391434,3313,267.44,International
2025-12-02 06:14:33.391434,2652,471.2,Internal
2025-12-17 02:38:37.391434,3483,195.76,Internal
2025-12-06 23:28:21.391434,3305,0.0,Internal
2025-11-30 14:10:03.391434,3375,357.32,Internal
2025-12-02 17:50:12.391434,3490,246.07,Internal
2025-12-26 11:48:32.391434,920,497.14,Internal
2025-12-04 06:36:26.391434,3571,420.18,International
2025-12-19 12:42:37.391434,2117,455.47,International
2025-12-22 03:54:00.391434,2136,482.67,Internal
2025-12-18 01:56:06.391434,3502,148.51,Internal
2025-12-26 08:24:17.391434,605,455.7,International
2025-12-14 17:42:59.391434,3202,496.5,International
2025-12-01 20:32:52.391434,3422,133.28,Internal
2025-12-22 11:20:27.391434,354,450.76,Internal
2025-12-03 23:38:10.391434,3475,131.62,International
2025-12-11 22:00:09.391434,3336,365.56,Internal
2025-12-27 12:06:55.391434,3439,390.29,Roaming
2025-12-11 22:08:23.391434,3440,0.0,Internal
2025-12-28 15:58:08.391434,1265,498.44,International
2025-12-01 10:14:44.391434,3377,146.64,Internal
2025-12-04 07:34:53.391434,261,488.87,International
2025-12-26 16:07:20.391434,3314,0.0,Internal
2025-12-23 20:45:17.391434,3443,54.36,Internal
2025-11-28 17:23:36.391434,3548,425.26,International
2025-12-27 04:05:05.391434,883,474.05,International
2025-12-02 14:07:55.391434,3503,0.0,International
2025-12-18 15:09:30.391434,2588,456.18,Internal
2025-12-28 09:47:20.391434,1589,477.94,Emergency
2025-12-21 05:52:44.391434,3555,327.48,International
2025-12-27 10:00:17.391434,3545,58.78,Internal
2025-12-21 07:09:21.391434,3336,19.49,Internal
2025-11-30 09:47:26.391434,1755,494.31,International
2025-11-30 22:44:30.391434,838,471.07,International
2025-12-08 16:27:15.391434,255,474.33,International
2025-12-07 09:55:46.391434,47,454.78,Internal
2025-12-13 17:12:36.391434,55,466.48,Roaming
2025-12-28 11:27:16.391434,966,498.83,Internal
2025-12-02 15:26:04.391434,3352,128.84,Internal
2025-12-20 09:21:12.391434,3522,0.0,Internal
2025-11-29 04:06:09.391434,2356,474.01,Internal
2025-12-20 10:07:20.391434,3437,53.62,Emergency
2025-12-06 20:48:59.391434,3548,0.0,International
2025-12-08 09:48:46.391434,1289,457.86,Internal
2025-12-18 21:02:36.391434,498,483.81,Internal
2025-12-28 19:14:30.391434,1024,467.68,International
2025-11-30 11:57:03.391434,3566,446.86,Emergency
2025-12-11 08:26:14.391434,2681,451.11,Internal
2025-12-16 01:29:34.391434,1508,454.44,Emergency
2025-12-13 22:10:02.391434,1989,453.52,International
2025-12-20 07:25:07.391434,622,486.47,Internal
2025-12-04 07:48:22.391434,2405,498.27,Roaming
2025-12-03 12:49:17.391434,1445,463.84,Internal
2025-12-19 15:37:01.391434,2362,468.34,Internal
2025-12-21 18:56:48.391434,1416,492.48,Internal
2025-12-18 19:14:35.391434,3580,480.88,Internal
2025-11-28 14:05:56.391434,3342,0.0,Emergency
2025-12-21 17:50:11.391434,3310,413.99,International
2025-11-29 04:15:45.391434,2947,489.25,Internal
2025-12-06 16:05:04.391434,3388,421.76,International
2025-12-17 11:32:29.391434,3585,316.57,Internal
2025-12-09 04:01:01.391434,3294,480.95,International
2025-11-28 15:03:30.391434,3467,192.47,Internal
2025-12-05 11:54:53.391434,3589,65.06,Internal
2025-12-02 16:29:03.391434,3469,0.0,International
2025-12-06 16:10:39.391434,3332,267.04,Internal
2025-12-23 23:30:21.391434,38,472.08,Internal
2025-11-30 05:55:16.391434,3473,0.0,Roaming
2025-12-05 21:03:17.391434,901,484.15,International
2025-12-13 07:46:48.391434,3446,451.41,Internal
2025-12-11 22:20:27.391434,957,496.35,Internal
2025-12-13 07:51:32.391434,677,499.41,Roaming
2025-11-30 00:41:20.391434,1244,474.81,Internal
2025-12-15 23:55:57.391434,3349,295.14,International
2025-12-10 19:50:32.391434,3593,34.12,Roaming
2025-12-13 05:31:20.391434,2169,496.99,Internal
2025-12-05 04:36:11.391434,3521,0.0,Internal
2025-12-24 23:07:44.391434,108,484.25,Internal
2025-12-11 05:14:16.391434,2446,494.48,Internal
2025-12-11 09:26:36.391434,3363,229.06,Internal
2025-12-14 15:10:16.391434,1381,450.55,Internal
2025-12-18 17:04:01.391434,165,460.36,Internal
2025-12-06 23:16:50.391434,2522,453.73,Internal
2025-12-15 23:58:56.391434,418,491.43,Internal
2025-12-15 10:11:09.391434,3479,50.45,International
2025-12-16 10:41:23.391434,464,488.17,Internal
2025-11-29 16:18:25.391434,3582,313.67,Emergency
2025-12-07 00:53:18.391434,3361,0.0,Internal
2025-12-28 04:21:16.391434,1828,479.15,Internal
2025-12-03 01:10:33.391434,3477,0.0,International
2025-12-28 09:18:27.391434,3510,0.0,Internal
2025-12-01 00:56:15.391434,3419,214.24,International
2025-12-12 01:52:05.391434,2260,496.92,International
2025-12-24 10:44:26.391434,3537,0.0,Internal
2025-12-17 18:32:20.391434,3544,0.0,Internal
2025-12-19 01:19:59.391434,1071,493.24,Internal
2025-12-06 22:26:31.391434,3525,362.3,International
2025-12-17 20:43:21.391434,3378,48.65,Internal
2025-12-12 02:51:05.391434,2405,491.87,Internal
2025-12-05 07:57:42.391434,3377,205.9,International
2025-12-20 07:20:59.391434,490,497.75,International
2025-12-23 07:55:28.391434,1139,469.13,Internal
2025-12-02 15:10:42.391434,937,498.96,International
2025-12-07 17:04:07.391434,1007,496.84,International
2025-12-12 05:19:55.391434,3414,72.8,Internal
2025-12-10 03:45:06.391434,2358,481.81,International
